{
  "id": "169cc542-0c74-4e2b-80f8-d7d236871ec1",
  "name": "arrival_cities",
  "isOverridable": true,
  "entries": [
    {
      "value": "Darwin",
      "synonyms": [
        "Darwin"
      ]
    },
    {
      "value": "Gold Coast",
      "synonyms": [
        "Gold Coast"
      ]
    },
    {
      "value": "Melbourne",
      "synonyms": [
        "Melbourne"
      ]
    },
    {
      "value": "perth",
      "synonyms": [
        "perth"
      ]
    },
    {
      "value": "sydney",
      "synonyms": [
        "sydney"
      ]
    },
    {
      "value": "dhaka",
      "synonyms": [
        "dhaka"
      ]
    },
    {
      "value": "brunei",
      "synonyms": [
        "brunei"
      ]
    },
    {
      "value": "phnom penh",
      "synonyms": [
        "phnom penh"
      ]
    },
    {
      "value": "siem reap",
      "synonyms": [
        "siem reap"
      ]
    },
    {
      "value": "beijing",
      "synonyms": [
        "beijing"
      ]
    },
    {
      "value": "changsha",
      "synonyms": [
        "changsha"
      ]
    },
    {
      "value": "chengdu",
      "synonyms": [
        "chengdu"
      ]
    },
    {
      "value": "chongqing",
      "synonyms": [
        "chongqing"
      ]
    },
    {
      "value": "guangzhu",
      "synonyms": [
        "guangzhu"
      ]
    },
    {
      "value": "guilin",
      "synonyms": [
        "guilin"
      ]
    },
    {
      "value": "hangzhou",
      "synonyms": [
        "hangzhou"
      ]
    },
    {
      "value": "kunming",
      "synonyms": [
        "kunming"
      ]
    },
    {
      "value": "nanchang",
      "synonyms": [
        "nanchang"
      ]
    },
    {
      "value": "nanning",
      "synonyms": [
        "nanning"
      ]
    },
    {
      "value": "shanghai",
      "synonyms": [
        "shanghai"
      ]
    },
    {
      "value": "shantou",
      "synonyms": [
        "shantou"
      ]
    },
    {
      "value": "shenzhen",
      "synonyms": [
        "shenzhen"
      ]
    },
    {
      "value": "wuhan",
      "synonyms": [
        "wuhan"
      ]
    },
    {
      "value": "xi\u0027an",
      "synonyms": [
        "xi\u0027an"
      ]
    },
    {
      "value": "hong kong",
      "synonyms": [
        "hong kong"
      ]
    },
    {
      "value": "bangdora",
      "synonyms": [
        "bangdora"
      ]
    },
    {
      "value": "bengaluru",
      "synonyms": [
        "bengaluru"
      ]
    },
    {
      "value": "bhubaneswar",
      "synonyms": [
        "bhubaneswar"
      ]
    },
    {
      "value": "changdigarh",
      "synonyms": [
        "changdigarh"
      ]
    },
    {
      "value": "chennai",
      "synonyms": [
        "chennai"
      ]
    },
    {
      "value": "goa",
      "synonyms": [
        "goa"
      ]
    },
    {
      "value": "guwahati",
      "synonyms": [
        "guwahati"
      ]
    },
    {
      "value": "hyderabad",
      "synonyms": [
        "hyderabad"
      ]
    },
    {
      "value": "imphal",
      "synonyms": [
        "imphal"
      ]
    },
    {
      "value": "jaipur",
      "synonyms": [
        "jaipur"
      ]
    },
    {
      "value": "kochi",
      "synonyms": [
        "kochi"
      ]
    },
    {
      "value": "kolkata",
      "synonyms": [
        "kolkata"
      ]
    },
    {
      "value": "new delhi",
      "synonyms": [
        "new delhi"
      ]
    },
    {
      "value": "pune",
      "synonyms": [
        "pune"
      ]
    },
    {
      "value": "srinagar",
      "synonyms": [
        "srinagar"
      ]
    },
    {
      "value": "tiruchirappalli",
      "synonyms": [
        "tiruchirappalli"
      ]
    },
    {
      "value": "visakhapatnam",
      "synonyms": [
        "visakhapatnam"
      ]
    },
    {
      "value": "bali",
      "synonyms": [
        "bali"
      ]
    },
    {
      "value": "balikpapan",
      "synonyms": [
        "balikpapan"
      ]
    },
    {
      "value": "banda aceh",
      "synonyms": [
        "banda aceh"
      ]
    },
    {
      "value": "bandung",
      "synonyms": [
        "bandung"
      ]
    },
    {
      "value": "jakarta",
      "synonyms": [
        "jakarta"
      ]
    },
    {
      "value": "lombok",
      "synonyms": [
        "lombok"
      ]
    },
    {
      "value": "makassar",
      "synonyms": [
        "makassar"
      ]
    },
    {
      "value": "medan",
      "synonyms": [
        "medan",
        "KUALANAMU"
      ]
    },
    {
      "value": "padang",
      "synonyms": [
        "padang"
      ]
    },
    {
      "value": "palembang",
      "synonyms": [
        "palembang"
      ]
    },
    {
      "value": "pekanbaru",
      "synonyms": [
        "pekanbaru"
      ]
    },
    {
      "value": "pontianak",
      "synonyms": [
        "pontianak"
      ]
    },
    {
      "value": "semarang",
      "synonyms": [
        "semarang"
      ]
    },
    {
      "value": "solo",
      "synonyms": [
        "solo"
      ]
    },
    {
      "value": "surabaya",
      "synonyms": [
        "surabaya"
      ]
    },
    {
      "value": "yogyakarta",
      "synonyms": [
        "yogyakarta"
      ]
    },
    {
      "value": "tehran",
      "synonyms": [
        "tehran"
      ]
    },
    {
      "value": "osaka",
      "synonyms": [
        "osaka"
      ]
    },
    {
      "value": "sapporo",
      "synonyms": [
        "sapporo"
      ]
    },
    {
      "value": "tokyo-haneda",
      "synonyms": [
        "tokyo-haneda"
      ]
    },
    {
      "value": "tokyo-narita",
      "synonyms": [
        "tokyo-narita"
      ]
    },
    {
      "value": "busan",
      "synonyms": [
        "busan"
      ]
    },
    {
      "value": "seoul",
      "synonyms": [
        "seoul"
      ]
    },
    {
      "value": "luang prabang",
      "synonyms": [
        "luang prabang"
      ]
    },
    {
      "value": "vientiane",
      "synonyms": [
        "vientiane"
      ]
    },
    {
      "value": "macao",
      "synonyms": [
        "macao"
      ]
    },
    {
      "value": "male",
      "synonyms": [
        "male"
      ]
    },
    {
      "value": "mauritius",
      "synonyms": [
        "mauritius"
      ]
    },
    {
      "value": "mandalay",
      "synonyms": [
        "mandalay"
      ]
    },
    {
      "value": "yangon",
      "synonyms": [
        "yangon"
      ]
    },
    {
      "value": "kathmandu",
      "synonyms": [
        "kathmandu"
      ]
    },
    {
      "value": "auckland",
      "synonyms": [
        "auckland"
      ]
    },
    {
      "value": "caticlan",
      "synonyms": [
        "caticlan",
        "boracay"
      ]
    },
    {
      "value": "cebu",
      "synonyms": [
        "cebu"
      ]
    },
    {
      "value": "clark",
      "synonyms": [
        "clark"
      ]
    },
    {
      "value": "davao",
      "synonyms": [
        "davao"
      ]
    },
    {
      "value": "kalibo",
      "synonyms": [
        "kalibo"
      ]
    },
    {
      "value": "manila",
      "synonyms": [
        "manila"
      ]
    },
    {
      "value": "puerto princesa",
      "synonyms": [
        "puerto princesa"
      ]
    },
    {
      "value": "tacloban",
      "synonyms": [
        "tacloban"
      ]
    },
    {
      "value": "tagbilaran",
      "synonyms": [
        "tagbilaran"
      ]
    },
    {
      "value": "jeddah",
      "synonyms": [
        "jeddah"
      ]
    },
    {
      "value": "mohammad bin abdulaziz airport",
      "synonyms": [
        "mohammad bin abdulaziz airport",
        "abdulaziz aiport"
      ]
    },
    {
      "value": "singapore",
      "synonyms": [
        "singapore"
      ]
    },
    {
      "value": "kaosiung",
      "synonyms": [
        "kaosiung"
      ]
    },
    {
      "value": "taipei",
      "synonyms": [
        "taipei"
      ]
    },
    {
      "value": "bangkok",
      "synonyms": [
        "bangkok"
      ]
    },
    {
      "value": "buri ram",
      "synonyms": [
        "buri ram"
      ]
    },
    {
      "value": "chiang mai",
      "synonyms": [
        "chiang mai"
      ]
    },
    {
      "value": "chaing rai",
      "synonyms": [
        "chaing rai"
      ]
    },
    {
      "value": "hat yai",
      "synonyms": [
        "hat yai"
      ]
    },
    {
      "value": "khon kaen",
      "synonyms": [
        "khon kaen"
      ]
    },
    {
      "value": "krabi",
      "synonyms": [
        "krabi"
      ]
    },
    {
      "value": "loei",
      "synonyms": [
        "loei"
      ]
    },
    {
      "value": "nakhon phanom",
      "synonyms": [
        "nakhon phanom"
      ]
    },
    {
      "value": "nakhon si thammarat",
      "synonyms": [
        "nakhon si thammarat"
      ]
    },
    {
      "value": "Nan",
      "synonyms": [
        "Nan"
      ]
    },
    {
      "value": "narathiwat",
      "synonyms": [
        "narathiwat"
      ]
    },
    {
      "value": "honolulu",
      "synonyms": [
        "honolulu"
      ]
    },
    {
      "value": "da nang",
      "synonyms": [
        "da nang"
      ]
    },
    {
      "value": "hanoi",
      "synonyms": [
        "hanoi"
      ]
    },
    {
      "value": "ho chi minh",
      "synonyms": [
        "ho chi minh"
      ]
    },
    {
      "value": "koh lan",
      "synonyms": [
        "koh lan"
      ]
    },
    {
      "value": "lanta",
      "synonyms": [
        "lanta"
      ]
    },
    {
      "value": "lipe",
      "synonyms": [
        "lipe"
      ]
    },
    {
      "value": "ngai",
      "synonyms": [
        "ngai"
      ]
    },
    {
      "value": "phagan",
      "synonyms": [
        "phagan"
      ]
    },
    {
      "value": "phi phi",
      "synonyms": [
        "phi phi"
      ]
    },
    {
      "value": "samed",
      "synonyms": [
        "samed"
      ]
    },
    {
      "value": "samui",
      "synonyms": [
        "samui"
      ]
    },
    {
      "value": "tao island",
      "synonyms": [
        "tao island"
      ]
    },
    {
      "value": "yao noi",
      "synonyms": [
        "yao noi"
      ]
    },
    {
      "value": "downtown",
      "synonyms": [
        "downtown",
        "best western royal hotel"
      ]
    },
    {
      "value": "chiang khan",
      "synonyms": [
        "chiang khan"
      ]
    },
    {
      "value": "kalasin",
      "synonyms": [
        "kalasin",
        "kud nam khin park"
      ]
    },
    {
      "value": "khanom",
      "synonyms": [
        "khanom"
      ]
    },
    {
      "value": "khaolak",
      "synonyms": [
        "khaolak"
      ]
    },
    {
      "value": "mahasarakham",
      "synonyms": [
        "mahasarakham",
        "sermthai complex"
      ]
    },
    {
      "value": "pai",
      "synonyms": [
        "pai",
        "pai bus station"
      ]
    },
    {
      "value": "pattaya-downtown",
      "synonyms": [
        "pattaya-downtown"
      ]
    },
    {
      "value": "rayong",
      "synonyms": [
        "rayong"
      ]
    },
    {
      "value": "sukhothai",
      "synonyms": [
        "sukhothai"
      ]
    },
    {
      "value": "surin",
      "synonyms": [
        "surin",
        "the chang knowledge park"
      ]
    },
    {
      "value": "colombo",
      "synonyms": [
        "colombo"
      ]
    },
    {
      "value": "pattaya",
      "synonyms": [
        "pattaya"
      ]
    },
    {
      "value": "phitsanulok",
      "synonyms": [
        "phitsanulok"
      ]
    },
    {
      "value": "phuket",
      "synonyms": [
        "phuket"
      ]
    },
    {
      "value": "roi et",
      "synonyms": [
        "roi et"
      ]
    },
    {
      "value": "sakon nakhon",
      "synonyms": [
        "sakon nakhon"
      ]
    },
    {
      "value": "surat thani",
      "synonyms": [
        "surat thani"
      ]
    },
    {
      "value": "trang",
      "synonyms": [
        "trang"
      ]
    },
    {
      "value": "ubon ratchathani",
      "synonyms": [
        "ubon ratchathani"
      ]
    },
    {
      "value": "udon thani",
      "synonyms": [
        "udon thani"
      ]
    },
    {
      "value": "alor setar",
      "synonyms": [
        "alor setar"
      ]
    },
    {
      "value": "bintulu",
      "synonyms": [
        "bintulu"
      ]
    },
    {
      "value": "Johor Bharu",
      "synonyms": [
        "Johor Bharu"
      ]
    },
    {
      "value": "kota bharu",
      "synonyms": [
        "kota bharu"
      ]
    },
    {
      "value": "KOTA KINABALU",
      "synonyms": [
        "KOTA KINABALU"
      ]
    },
    {
      "value": "kuala lumpur",
      "synonyms": [
        "kuala lumpur"
      ]
    },
    {
      "value": "kuala terengganu",
      "synonyms": [
        "kuala terengganu"
      ]
    },
    {
      "value": "kuching",
      "synonyms": [
        "kuching"
      ]
    },
    {
      "value": "labuan",
      "synonyms": [
        "labuan"
      ]
    },
    {
      "value": "langkawi",
      "synonyms": [
        "langkawi"
      ]
    },
    {
      "value": "miri",
      "synonyms": [
        "miri"
      ]
    },
    {
      "value": "penang",
      "synonyms": [
        "penang"
      ]
    },
    {
      "value": "sandakan",
      "synonyms": [
        "sandakan"
      ]
    },
    {
      "value": "SIBU",
      "synonyms": [
        "SIBU"
      ]
    },
    {
      "value": "tawau",
      "synonyms": [
        "tawau"
      ]
    }
  ],
  "isEnum": false,
  "automatedExpansion": false
}