{
  "id": "9aed3a1b-0d86-425b-bab1-8a1ba125d51f",
  "name": "arrival_countries",
  "isOverridable": true,
  "entries": [
    {
      "value": "australia",
      "synonyms": [
        "Bangkok"
      ]
    },
    {
      "value": "America",
      "synonyms": [
        "America",
        "United States",
        "U.S.A.",
        "U.S."
      ]
    },
    {
      "value": "cambodia",
      "synonyms": [
        "cambodia"
      ]
    },
    {
      "value": "china",
      "synonyms": [
        "china"
      ]
    },
    {
      "value": "iran",
      "synonyms": [
        "iran"
      ]
    },
    {
      "value": "india",
      "synonyms": [
        "india"
      ]
    },
    {
      "value": "japan",
      "synonyms": [
        "japan"
      ]
    },
    {
      "value": "macao",
      "synonyms": [
        "macao"
      ]
    },
    {
      "value": "maldives",
      "synonyms": [
        "maldives"
      ]
    },
    {
      "value": "mauritius",
      "synonyms": [
        "mauritius"
      ]
    },
    {
      "value": "myanmar",
      "synonyms": [
        "myanmar"
      ]
    },
    {
      "value": "nepal",
      "synonyms": [
        "nepal"
      ]
    },
    {
      "value": "new zealand",
      "synonyms": [
        "new zealand"
      ]
    },
    {
      "value": "phillipines",
      "synonyms": [
        "phillipines"
      ]
    },
    {
      "value": "saudi arabia",
      "synonyms": [
        "saudi arabia"
      ]
    },
    {
      "value": "sri lanka",
      "synonyms": [
        "sri lanka"
      ]
    },
    {
      "value": "singapore",
      "synonyms": [
        "singapore"
      ]
    },
    {
      "value": "taiwan",
      "synonyms": [
        "taiwan"
      ]
    },
    {
      "value": "thailand",
      "synonyms": [
        "thailand"
      ]
    },
    {
      "value": "vietnam",
      "synonyms": [
        "vietnam"
      ]
    },
    {
      "value": "indonesia",
      "synonyms": [
        "indonesia"
      ]
    },
    {
      "value": "laos",
      "synonyms": [
        "laos"
      ]
    },
    {
      "value": "south korea",
      "synonyms": [
        "south korea"
      ]
    },
    {
      "value": "Brunei",
      "synonyms": [
        "Brunei"
      ]
    },
    {
      "value": "usa",
      "synonyms": [
        "usa"
      ]
    },
    {
      "value": "bangladesh",
      "synonyms": [
        "bangladesh"
      ]
    }
  ],
  "isEnum": false,
  "automatedExpansion": false
}